맥북 이클립스 자바 질문,https://m.cafe.naver.com/inmacbook/2612238?art=ZXh0ZXJuYWwtc2VydmljZS1uYXZlci1zZWFyY2gtY2FmZS1wcg.eyJhbGciOiJIUzI1NiIsInR5cCI6IkpXVCJ9.eyJjYWZlVHlwZSI6IkNBRkVfVVJMIiwiY2FmZVVybCI6ImlubWFjYm9vayIsImFydGljbGVJZCI6MjYxMjIzOCwiaXNzdWVkQXQiOjE2ODI0Nzg4ODQzMDB9.XsblRGPebnFDGYQLhZMNxkiP5gZzqsfPkmJEvVr-kV0
자바vs노드 앞으로의 커리어를 위해서는 어디가 나을까요?,https://m.cafe.naver.com/javachobostudy/185212?art=ZXh0ZXJuYWwtc2VydmljZS1uYXZlci1zZWFyY2gtY2FmZS1wcg.eyJhbGciOiJIUzI1NiIsInR5cCI6IkpXVCJ9.eyJjYWZlVHlwZSI6IkNBRkVfVVJMIiwiY2FmZVVybCI6ImphdmFjaG9ib3N0dWR5IiwiYXJ0aWNsZUlkIjoxODUyMTIsImlzc3VlZEF0IjoxNjgyNDc4ODg0MzAxfQ.tU-GEoGEb-z2alHueWCqGc4pMQDh7OSFZtuw6p4H9CI
자바프로그래머 : 현실적인 직업 전망성,https://m.blog.naver.com/urmyver/223078060691
국비지원자바학원 개발자가 되기 위한 스펙 쌓기!,https://m.blog.naver.com/jhdo919/223081761095
강남자바학원 어렵지 않은 학습 과정,https://m.blog.naver.com/snowminhye/223084954090
"대전자바학원 수업, 개발자 되기 위한 도전!",https://m.blog.naver.com/qudtn20/223084968915
"자바스크립트 콜백 함수를 활용하는 함수(forEach, map, filter)",https://m.post.naver.com/viewer/postView.naver?volumeNo=35695036&memberNo=25379965&vType=VERTICAL
대구 국비지원 무료교육 자바교육 빅데이터전문가로!,https://m.blog.naver.com/lina0613/223079254819
자바 공부방법,https://m.cafe.naver.com/javachobostudy/185072?art=ZXh0ZXJuYWwtc2VydmljZS1uYXZlci1zZWFyY2gtY2FmZS1wcg.eyJhbGciOiJIUzI1NiIsInR5cCI6IkpXVCJ9.eyJjYWZlVHlwZSI6IkNBRkVfVVJMIiwiY2FmZVVybCI6ImphdmFjaG9ib3N0dWR5IiwiYXJ0aWNsZUlkIjoxODUwNzIsImlzc3VlZEF0IjoxNjgyNDc4ODg0MzAzfQ.Ej_GSfJNszwHo-EYUfmt3CS1z7c1y_ejnIYSVibzW94
자바학원 선택할 때 알아둘 점,https://m.blog.naver.com/cksdlf227/223051330255
핀테크 기업이 자바 개발자를 채용하는 이유는?,https://adcr.naver.com/adcr?x=JCbOH4xpimSDev0lMNJfof///w==kOV/z5jWKtW/BuMe+hbiBhCEIkWTMb7J73yDnGEqhJl3PXNYBCgPNF/InIr4cKKIttSRPl8fa3Q+x2FU93jwfjslMxRJ5J+XO5Lk3/XCKZav2qDJzavZzEMnIzZvbMtcG4HZeqT4est7yDCkeGCBrWfjDqd0fzZ1D+6ysmO/pqbZNjUlAykJb09SUILwyCb3x/En3EEZVSLYyW+VTXWbMU22MkjfpmMvpzt20al4E4t0Km9+wf94Uicn4wQpJcg7ju6VRkXym48QZyd4AUTR++w1TF5bHvFICV4pjopUKRAEuDFbcM3gLBqjZXmpthRYxUr3dqaFklMLJs6kThpRLMAXwvdEiP4er9SjaNrQyETy+8zldc2egM4yD4EKycnRA6gNeqVO6qHEm13z0Lv9szlFLS6IifEiXLM4skHotIfxgE6zRpMlmXgCm8riQ+dphPiNnuJX6YC36NFK1BTLBh5pholFVySR6/uGxrfeXn+h64+2DD0uYjo93nVlm6LcSz4eOYUdKjpWaGT4tFYyX37tWVgNutBJgQwdn08J0iHdWDAKaCrLlyah/MvQdQtBVy8Jtwipk5Sr5hocZmdQXUZtPNJFkXTdJZOr5kzOa3YGstMf/6Avm3/4o0njKYFyD
아치가 돋보이는 우드 인테리어 팁- 침실,https://adcr.naver.com/adcr?x=VXlFS6XIWuuLwTB6fKK1nP///w==k4EgotrjJMVamQgWRsntPiVGmgPaaUyDhrkKltSLBMidR7A/sobDuzDO/HyB1/Q1mly8MDtdi5E84kkbdxmz8YwQdHf4Dj0NdYDy2k7JXmQxeYTmJNm9dVxleugxYDBAWS9m+ZizrfRRC/KuHrD+Cj7sTZi8Bob9+pbtpS48Mo0rYQ7PbT3eTB3qERF5Q2yG+KAaMFnGJ/PKsps8ZZatjzb+xZzwOOrFI/TsobF55LldTEj50OlkDvb1TbAL5tL2trYkSlzQxFJ3FZOiwXBWKIWhh8giWtdRGhIzUnPKnZYN7M8oHjDjJkeLQHohbLFmrO3UU+awNIkklrZUkcI8Kk1xax2NBp8tinHWAuilaalhunWH6K9FSNCaYdzILQiZy4GanyX3Ei90sSJd6rs4EHxLBd8p34yZNvtKV5hqAu0mGI+InVWTK/eVQeqRP69ZQc5HRpNN+EfbeOMqAlvLI4dtEjXm9cxyK7a+H76mWqDKCb4/rMuGrHWsrMjHYz83KduXuYBURZc57he2oaB38uB5yocMkZpFTLQEq3rQUfskdi1/IWiTBUVnph07/HImBeMG0EflpANh6jSUtgEzdSnqIaGxXHP5MvfG2mS5ONFoPbKxzWzApTkHw17/vfu4Pyx0bKk4V4y63F+8YUpHoU+FRoG9y8ZD84xLRIGMV7cLiIjdnH+ELByF/CEgK2Rci
부산자바학원 제대로 된 취업교육!,https://m.blog.naver.com/ridesafe/223070266645
대구 자바학원 개발과정 학습한 실무 교육,https://m.blog.naver.com/lyricistkbg/223080492996
자바개발자 취업 :: 개발자취업은 국비과정으로 준비!!,https://m.blog.naver.com/hhee_0211/223083424746
"프로그래밍 자바스크립트 JAVASCRIPT 특징, 매력 , 분야는?",https://m.blog.naver.com/sg90929/223070294340
JAVA 코딩 독학 코딩은 처음이라 with 자바 입문,https://m.blog.naver.com/gold5doo/223062730634
자바스크립트 공부 인강/책 추천해 주세요,https://m.cafe.naver.com/hacosa/319153?art=ZXh0ZXJuYWwtc2VydmljZS1uYXZlci1zZWFyY2gtY2FmZS1wcg.eyJhbGciOiJIUzI1NiIsInR5cCI6IkpXVCJ9.eyJjYWZlVHlwZSI6IkNBRkVfVVJMIiwiY2FmZVVybCI6ImhhY29zYSIsImFydGljbGVJZCI6MzE5MTUzLCJpc3N1ZWRBdCI6MTY4MjQ3ODg4NDMwN30.ykYsgfe-sHr01rQ-ooMniygkwKgZ3slq1Q3pK-T24sA
[맥북] 사파리에서 단축키 변경 어떻게 하죠? ㅜㅜ (Feat. 자바스크립트),https://m.cafe.naver.com/appleiphone/7870030?art=ZXh0ZXJuYWwtc2VydmljZS1uYXZlci1zZWFyY2gtY2FmZS1wcg.eyJhbGciOiJIUzI1NiIsInR5cCI6IkpXVCJ9.eyJjYWZlVHlwZSI6IkNBRkVfVVJMIiwiY2FmZVVybCI6ImFwcGxlaXBob25lIiwiYXJ0aWNsZUlkIjo3ODcwMDMwLCJpc3N1ZWRBdCI6MTY4MjQ3ODg4NDMwOH0.3kk90ie56g78WzWLuGszTwcpHa6VJAbwOl9yVjL_deo
의정부컴퓨터학원 함께 자바 개발자를 알아봐요!,https://m.blog.naver.com/cutebabydoll/223071511357
노원자바학원 개발자를 향한 수업,https://m.blog.naver.com/rame83/223081469105
자바학원 업무에 활용한 실습 내용,https://m.blog.naver.com/euney/223072804742
자바국비교육 궁금하시다면 여기로!,https://adcr.naver.com/adcr?x=vW69ZPzj4VzYwXgCqOEk0////w==kWGEOl1cOczJh+T6/OxBuUIZeBD8ypDDv+Y8dJEZWgR6REGHWa2Vk7y/Um17b3q1zdkY6BnV8yXkQifzSnRRztBTbzxwp9TPVM1osNSUmV/oj8mN5BRIM1T6ULfRWUP36qABETw5UtsDaAoPkrWjSGGNssfZzer6SUZzpufByvREalPTxJWqRNU+fIBUTKYblRm8u2W2QrErn+AHHbhiLw6QRpQ/yv1CdvtNTrOGGy+EtpRmEEk3nfguu5PCYl2taz+Vvo9R2aylzfwnWRDR4xHUayLlJz+0z5V/rvpLtCY0rYh+5NUc3XTKPpU4u1yq0AR6dXpz38HsFU0gle2Wuby6xWmB8SMPvHZeg8Qs6mo/AVjQjkP9PD1m5zDEKbuOatwzy4xqR9a7KyfVO4Yui1eOJQ0fAkZj0JVSvr6Nu8YV9+32OIbM0qd9Y7m1S7vkNIdViBG/jK8qVEX7gGaHxzrZ7RUWVM2eExU9PJbzY73EcW9Q20w0K2BurGamr0lp2hsjaSe5PvdrFcLsuOVpe9jjcAIIJv1I35P9D+0FdYM1NdrHwRygzYq55PoV9eSQ+dlaktAUsEpXeiNC4pqoe2gZCYQ8bnHJOpAEp1TsT1Tw=
인천시 무료교육으로 자바프로그래밍 입문하기,https://adcr.naver.com/adcr?x=EXR8tvFRb7V2TR7ovLPWYf///w==kk7Xwgpju3tSIIbAlrm8XXUd3vLv2kL2LBtfN6wpS1JqWO8H/OB/Fe2KEZWi05jYHa7N4xKBwFVACKiaJBxUYggFMKR+mH59bgUQWGU7Ythpv0jGQdqDtkAJFmq1JKV823sKf4dfrSn2ulliJc/kNIPrrtefgkYq/9iUsbf/Ge6z4vngn2uTPnTXQfLdBpVeRFCeywQoL1qwPbzX4Kusn1ttA4tbW8Ft2foPVwiPBI2AsbVN4AIWEZfAUEN1xvUuicnH9BdiFurX0D/4sIo7Gyu9Azs/VIGE30kdaGLtHXu8JeoXgkm2j21IY4ltZvtym/KCSdvIgyeBa52twk5QBuubYcb0cpyJ/xsf0u5Dkyh2imWNRpkwDsidiFWmdqMu/StOw0PB1NbvN9Ubq3oYvjx/SSlvdtiSYVwrNwce+/wmTkbV6g7BrvtoJMpI0n8w9okYqRxcnYc+gwfjBdNrSCGBJNAgirWT3+Tk1a8kTl33kWS/dmQKJ86C7I3muAza6+TgqP7T51P2H+RsyfkhnE4iqoBDK0MswhT4kalpF7N0jClQao+As+ndPPNqjp+094lV3HgSnO/fec5FZYZgusB8VSoOTAwjNAP0hAflS/RwGdJ6YRbl2QRZZLs/2Zh/p
자바학원 배움을 통한 준비과정,https://m.blog.naver.com/rhkdgus772/223047203300
홍대자바학원 탄탄한 커리큘럼으로 개발자 취업 준비!,https://m.blog.naver.com/parkrapp/223083995213
자바 국비지원 VS 부트캠프 차이점 알아보기,https://m.blog.naver.com/roseandme7753/223084479392
하남 미사 코딩학원 챗gpt AI 인공지능 프로그래밍 교육 C언어 파이썬 자바,https://m.blog.naver.com/ijungsun/223078436832
자바학원 완벽한 프론트엔드 수업!,https://m.blog.naver.com/hcjfkh/223063728576
자바의정석 기초편 1회독,https://m.cafe.naver.com/javachobostudy/185191?art=ZXh0ZXJuYWwtc2VydmljZS1uYXZlci1zZWFyY2gtY2FmZS1wcg.eyJhbGciOiJIUzI1NiIsInR5cCI6IkpXVCJ9.eyJjYWZlVHlwZSI6IkNBRkVfVVJMIiwiY2FmZVVybCI6ImphdmFjaG9ib3N0dWR5IiwiYXJ0aWNsZUlkIjoxODUxOTEsImlzc3VlZEF0IjoxNjgyNDc4ODg0MzEyfQ.U2BzfqA4Os4fITbi94nM6Vs6V5etCyxn2Go1nLhzdss
"자바스크립트 : 기본 문법 총정리(자료형, 변수, 출력방법)",https://m.blog.naver.com/ithopenanum/223073427876
자바학원 쉽게 이해하고 배워요,https://m.blog.naver.com/hyeyoon0326/223058133691
자바스크립트의 제어문(2) - 조건문 if (JS 강좌 연재)(019) - 하이미디어 분당 컴퓨터 학원,https://m.blog.naver.com/eekdland/223048585013
자바학원 커리큘럼으로 스펙 쌓기,https://m.blog.naver.com/imbrander/223064850822
