국비지원 최신 디지털 교육 추천,https://adcr.naver.com/adcr?x=7yZoUxt8U/IofZL+ueYI3P///w==kB0bcjv/f5oupQLXBYyH+Ntl4ul2f9HLhAaokdr10Bm2VudfsgVMddmPt5gi+js4HgYibiPfRFZiv1iueu4qx8O7V1UtYH0OLY/yOxyWy4hFDDikUDfG7YT3ehjUkfKtQ7SyL9rJmJmnnATCUbMmZMR35yf+Lja68TTw4Sknc/6IZ0grUnyQ6tVEm4kU9u1K9WJgAdGWxMC/cXhDT74Iocw0l1zX1uYXo4IbFpNgADW5jp81ieVv1sLecZY4Endmjns9Z9MFIuEZat3Ovkjh5e7kazcyklItPazJEKINQtewuJwPKtjQvejFzcsTQxa0/qwyehFOC3+YX5lBIS14TLG5IvrcZ70+kKGV2YSpUwDqps3rVsy6EkEnutKbVmQe+siklQTief1tMQiz58oy+a0uamqudpNXh1XaDijPRSLQn67oDtDiLcmnKYf8mAM65HLNb2cjhttG/ZxLXjE4bCHR+WsYG3dr0Gxts0JwKKCG48vvnrNaySPlwWCtbIGJEVo7MXze0/sDCbm2SjkN6HoFOsKfAFrRidIQqu+RK5LyS6g1TGYPEUGCnyb8x4D//6YMDRtDvomgrWFufH1ltqAsVh2SyAF8+S4UbALXujiXd7QXtBJIwXgLBQwhqhzxe
고려대 박사 교수님의 파이썬 명강의로 완벽 마스터!,https://adcr.naver.com/adcr?x=yRj9wgPT8B6HDwVrDa0EPf///w==kC8Kq+a+k0mnINAYeoFoPhuWCPvW1FbNhqN/GZCu42/OXZVqHxFq7Gu9mlO9cwS17XsNcN9VJjz5RQUgup/GaBtaIjGtELeisx8IMh0TdKjxDds1nfzITIPa4ZiIQ7jPK9NHuf8kSlAhcSlaqdu4X7R29Z26ZBHuCUgoJ1eLFgdEXW0P6XrVZyxSGHGpod7xcfTtHJ9qpmaAT2kejW+15gJvGgRUO4sYm8LCYxujG4gHNEPM3F5QpESHL14eQeiGoMTy86RYLmGMoZ2vb+gPKMYLsIr20zdHmlvKQ6nBDFFl9hO3ly8+fDiwDxw6AL46xN3fSoUPIYXFb1HK3/2RTLNawKgItIdWcA9WrK/2EpG4QCh8vATbrBDbenNI7kAxxoUkUwhpoQ1g+F6lxHMSsWEKLbO9ZRpVpPe3O/zgZlU3ywCJmO2HdUIzU6URR0qoVUtiX2AxJrjQMoH5yw0h10Ou1A4/j5otf0f5S5jM0YRTciaXayQhhs6oQbCPK13Cek90fFzmByYUdhkksYzQoy1Mc9aOmGCRBDH1xgD1JYxI3zSPh9is2KdUZl+YAhbiYXdGr70Lo6TbCgpvXrygNMbBxiqay5oRE/SQT0X5x1u+GLv018Mwp+cZ6lrTi9gUA
파이썬학원 : Python기초부터 IT취업까지,https://m.blog.naver.com/ridesafe/223054476246
웹크롤링 파이썬 몰라도 챗GPT 사용법만 알아도 된다.,https://m.blog.naver.com/ocmarketing/223040044418
M1 맥북에어 파이썬 질문,https://m.cafe.naver.com/inmacbook/2611948?art=ZXh0ZXJuYWwtc2VydmljZS1uYXZlci1zZWFyY2gtY2FmZS1wcg.eyJhbGciOiJIUzI1NiIsInR5cCI6IkpXVCJ9.eyJjYWZlVHlwZSI6IkNBRkVfVVJMIiwiY2FmZVVybCI6ImlubWFjYm9vayIsImFydGljbGVJZCI6MjYxMTk0OCwiaXNzdWVkQXQiOjE2ODI0Nzg4ODA3NzF9.fk6DIcvW4UwGEAlGXezEfFvhSd2H1NnReSfL3wxJTAE
"도전: 파이썬으로 ""텔로"" 드론 조종하기!!!",https://m.blog.naver.com/makerhanssem/223060162996
[용어사전] 파이썬 공부를 시작하기 전에 미리 알아두면 좋은 파이썬 용어 정리③ (자~하),https://m.post.naver.com/viewer/postView.naver?volumeNo=22111709&memberNo=25379965&vType=VERTICAL
"헤스티아 컨설팅, 파이썬 코딩 EC프로그램 워크샵",https://adcr.naver.com/adcr?x=2NlQekda8e9TEEm//dCJpf///w==kymwGL7f9w95kto1b9CgTGQhkJlAADhOQnXlpnAA4yzfHd7p+clOAk+V41bg9qqO78Vdn/kTe6A/N29FVj9zo8o0n3v1Zju010Ur0lhJKqBJkp1mcd0XMdis+30j9E5lql5guN4O16Mr326coCZw1KXcPHn9ZO1XGAS4lTgrXWUcPT/zzSjeQ+2x016Z8YF/SaZb9+cgvS7mlg2yzcpde+x6OMg2ODH3kedppBMHkz1el4ArAY0ezWK+2rfgfgsk8vqK/Z+MkQRbJFcfUfRTarKd3drEvHIS5zXqKlfxZM9wDD15MZozyjFyCB+kBTVIlAGCqQaESCFBXrcYtWM1JBOh+5UZ2IYUQ4R6mYaELLhDw6Jy0ZySavBnPN1g9haBcJjteyeonQk+PsfcNNDH7xDQX3yp5sqYi/cwSwt6Wr+G4+at6rMealHtxs7rxxvTE7RavqZLLk5we3jdRpF2/cyy4OKGFQujna5vVJyltxM8hVOkqILoPw68NrizgB57ot7Z3K8YHTnghBCDLZlT05vG//4fvNMTYWWBWnpM3uLihrsbFqFk4Hg9mKfV7CtmA85+vaatMbaeijbAR4h6aeYVGilR831Dl58sbpH7yYY9qQ5eUp6C6zKSz1ScLgx+7
"파이썬 프로그래밍 PYTHON 특징, 전망",https://m.blog.naver.com/sg90929/223069662333
파이썬 코딩테스트-오일러 OJ 숫자 뒤집기,https://m.blog.naver.com/happynut/223083191275
해운대코딩학원 I 코딩 용어 파이썬 + [4차산업 시대],https://m.blog.naver.com/gnuoes66/223065896961
강남파이썬학원 : 자기개발로 시작하여 취업까지,https://m.blog.naver.com/urmyver/223079591746
파이썬학원 실무적인 학습 커리큘럼,https://m.blog.naver.com/euney/223064924715
파이썬학원 커리큘럼 및 취업과정,https://m.blog.naver.com/lyricistkbg/223063696180
파이썬 독학 입문자 추천 도서 코딩은 처음이라 with 파이썬 인강,https://m.blog.naver.com/onetoppro/223076208050
파이썬학원 효과적인 실무 교육과정,https://m.blog.naver.com/da870108/223058250605
파이썬은 어떻게 프로그램을 배포 하는지,https://m.cafe.naver.com/carroty/379631?art=ZXh0ZXJuYWwtc2VydmljZS1uYXZlci1zZWFyY2gtY2FmZS1wcg.eyJhbGciOiJIUzI1NiIsInR5cCI6IkpXVCJ9.eyJjYWZlVHlwZSI6IkNBRkVfVVJMIiwiY2FmZVVybCI6ImNhcnJvdHkiLCJhcnRpY2xlSWQiOjM3OTYzMSwiaXNzdWVkQXQiOjE2ODI0Nzg4ODA3NzZ9.Ac6KWYkYdTAfMN1QkIRbhsotNc64_ZZAynnF3ckerbI
"프로그래밍, 어렵지 않아요!! 파이썬함수부터 시작해 볼까요?",https://m.blog.naver.com/ithopenanum/223033635830
프론트엔드 파이썬 알아야하나요?,https://m.cafe.naver.com/hacosa/318183?art=ZXh0ZXJuYWwtc2VydmljZS1uYXZlci1zZWFyY2gtY2FmZS1wcg.eyJhbGciOiJIUzI1NiIsInR5cCI6IkpXVCJ9.eyJjYWZlVHlwZSI6IkNBRkVfVVJMIiwiY2FmZVVybCI6ImhhY29zYSIsImFydGljbGVJZCI6MzE4MTgzLCJpc3N1ZWRBdCI6MTY4MjQ3ODg4MDc3N30.m98uFAQppJiLKfvP0g094YP9U75G15FK9DmkCrcPNSc
"파이썬 독학 몫, 나머지, 소숫점 계산하는 방법",https://m.blog.naver.com/gold5doo/223061379203
빅분기 실기 파이썬 설치,https://m.cafe.naver.com/sqlpd/48500?art=ZXh0ZXJuYWwtc2VydmljZS1uYXZlci1zZWFyY2gtY2FmZS1wcg.eyJhbGciOiJIUzI1NiIsInR5cCI6IkpXVCJ9.eyJjYWZlVHlwZSI6IkNBRkVfVVJMIiwiY2FmZVVybCI6InNxbHBkIiwiYXJ0aWNsZUlkIjo0ODUwMCwiaXNzdWVkQXQiOjE2ODI0Nzg4ODA3Nzh9.6_weRRDLhZuWxLCrOmnmtFBt6RJ0NDa8NM-8hU9XtI4
코딩 입문은 어떤 언어로 시작하는 것이 좋을까요? (파이썬 VS C),https://m.cafe.naver.com/unrealenginekr/47872?art=ZXh0ZXJuYWwtc2VydmljZS1uYXZlci1zZWFyY2gtY2FmZS1wcg.eyJhbGciOiJIUzI1NiIsInR5cCI6IkpXVCJ9.eyJjYWZlVHlwZSI6IkNBRkVfVVJMIiwiY2FmZVVybCI6InVucmVhbGVuZ2luZWtyIiwiYXJ0aWNsZUlkIjo0Nzg3MiwiaXNzdWVkQXQiOjE2ODI0Nzg4ODA3Nzh9.efMn7-gUIEYwH-eTMA7z9cnyL5lREV5jvTmSM_MALrw
"엑셀함수정리, 파이썬, 3DSMAX 강의 한번에 인강 강좌로 배워보자",https://m.blog.naver.com/dsw99248/223082968651
오토마우스 매크로랑 파이썬 매크로 윈도우 사양,https://m.cafe.naver.com/inmacbook/2612036?art=ZXh0ZXJuYWwtc2VydmljZS1uYXZlci1zZWFyY2gtY2FmZS1wcg.eyJhbGciOiJIUzI1NiIsInR5cCI6IkpXVCJ9.eyJjYWZlVHlwZSI6IkNBRkVfVVJMIiwiY2FmZVVybCI6ImlubWFjYm9vayIsImFydGljbGVJZCI6MjYxMjAzNiwiaXNzdWVkQXQiOjE2ODI0Nzg4ODA3ODB9.mZATHBAa2wa4PXqIbW0jNFh4Y3IlZj1pomRxFODjmxg
[Python Django] 파이썬 장고 정리 시작,https://m.blog.naver.com/dsz08082/223083624099
nas에서 파이썬 돌리려고 하는데요,https://m.cafe.naver.com/synologynas/190557?art=ZXh0ZXJuYWwtc2VydmljZS1uYXZlci1zZWFyY2gtY2FmZS1wcg.eyJhbGciOiJIUzI1NiIsInR5cCI6IkpXVCJ9.eyJjYWZlVHlwZSI6IkNBRkVfVVJMIiwiY2FmZVVybCI6InN5bm9sb2d5bmFzIiwiYXJ0aWNsZUlkIjoxOTA1NTcsImlzc3VlZEF0IjoxNjgyNDc4ODgwNzgxfQ.j5b4dOUcnXDJFNkxLpp2SOCzMpHxXh5VDKoiNodRTy4
강남파이썬학원 : 꼼꼼하게 알아보고 가야한다!,https://m.blog.naver.com/cnldjq62/223083597601
파이썬으로 앱개발 배우고 싶은데요,https://m.cafe.naver.com/appleiphone/7839325?art=ZXh0ZXJuYWwtc2VydmljZS1uYXZlci1zZWFyY2gtY2FmZS1wcg.eyJhbGciOiJIUzI1NiIsInR5cCI6IkpXVCJ9.eyJjYWZlVHlwZSI6IkNBRkVfVVJMIiwiY2FmZVVybCI6ImFwcGxlaXBob25lIiwiYXJ0aWNsZUlkIjo3ODM5MzI1LCJpc3N1ZWRBdCI6MTY4MjQ3ODg4MDc4MX0.O33xwg6ATRULWvRHfc3h2QKozxfdVksvmyKz3Yu6eUI
파이썬 + Qt,https://m.blog.naver.com/alfee0/223074610168
최근 맥북으로 코딩을 시작하였습니다. 파이썬 툴 추천 부탁부탁드려요!!,https://m.cafe.naver.com/inmacbook/2599262?art=ZXh0ZXJuYWwtc2VydmljZS1uYXZlci1zZWFyY2gtY2FmZS1wcg.eyJhbGciOiJIUzI1NiIsInR5cCI6IkpXVCJ9.eyJjYWZlVHlwZSI6IkNBRkVfVVJMIiwiY2FmZVVybCI6ImlubWFjYm9vayIsImFydGljbGVJZCI6MjU5OTI2MiwiaXNzdWVkQXQiOjE2ODI0Nzg4ODA3ODJ9.JvPR_-MAz2YfMZSskmDTh2zflfZbOF9I6NhFygu6nr4
파이썬(Python) - gif를 jpg로 변환 소스 코드,https://m.blog.naver.com/chandong83/223003257264
R에서 파이썬으로 변경 관련,https://m.cafe.naver.com/sqlpd/48771?art=ZXh0ZXJuYWwtc2VydmljZS1uYXZlci1zZWFyY2gtY2FmZS1wcg.eyJhbGciOiJIUzI1NiIsInR5cCI6IkpXVCJ9.eyJjYWZlVHlwZSI6IkNBRkVfVVJMIiwiY2FmZVVybCI6InNxbHBkIiwiYXJ0aWNsZUlkIjo0ODc3MSwiaXNzdWVkQXQiOjE2ODI0Nzg4ODA3ODN9.2iL16H0RDC-TeYXQVVdjLGFaN0L5PY9EHHiD62LAwOw
파이썬 기초 - 조건문과 삼항 연산자 사용법 - Python,https://m.blog.naver.com/tank100/223080950080
